{
    "loss": 1.8434252738952637,
    "accuracy": 0.8151336908340454
}