{
    "loss": 1.448870301246643,
    "accuracy": 0.7979156970977783
}